{
	"teamName":"India",
	"totalScore": 200,
	"wickets":3,
	"overs":23.4, 
	"scores" : [
		{
			"name" :"Shikhar Dhawan",
			"outType" : "lbw",
			"bowler" : "Steyn",
			"runs" : 50,
			"ballsFaced" : 60
		},
		{
			"name" :"Rohit Sharma",
			"outType" : "bowled",
			"bowler" : "Steyn",
			"runs" : 50,
			"ballsFaced" : 60
		},
		{
			"name" :"Virat Kholi",
			"outType" : "caught",
			"bowler" : "Steyn",
			"caughtBy" : "AB Devillers",
			"runs" : 50,
			"ballsFaced" : 60
		},
		{
			"name" :"Ajinkya Rahane",
			"outType" : "runout",
			"fielder" : "Rhodes",
			"runs" : 50,
			"ballsFaced" : 60
		}
	]
} 